GEO_ID,Number
0500000US01029,
0500000US01031,
0500000US01037,
0500000US01039,
0500000US01041,
0500000US01045,
0500000US01049,
0500000US01053,
0500000US01057,
0500000US01061,
0500000US01067,
0500000US01075,
0500000US01077,
0500000US01079,
0500000US01001,
0500000US01003,
0500000US01005,
0500000US01007,
0500000US01009,
0500000US01011,
0500000US01023,
0500000US01025,
0500000US01027,
0500000US01033,
0500000US01035,
0500000US01043,
0500000US01047,
0500000US01051,
0500000US01055,
0500000US01059,
0500000US01063,
0500000US01065,
0500000US01071,
0500000US01073,
0500000US01085,
0500000US01087,
0500000US01089,
0500000US01091,
0500000US01095,
0500000US01097,
0500000US01099,
0500000US01107,
0500000US01109,
0500000US01113,
0500000US01115,
0500000US01117,
0500000US01119,
0500000US01121,
0500000US01129,
0500000US01131,
0500000US01013,
0500000US01015,
0500000US01017,
0500000US01019,
0500000US01021,
0500000US01123,
0500000US01125,
0500000US01127,
0500000US01133,
0500000US01101,
0500000US01069,
0500000US01081,
0500000US01083,
0500000US01093,
0500000US01103,
0500000US01105,
0500000US01111,
0500000US02013,
0500000US02016,
0500000US02020,
0500000US02050,
0500000US02060,
0500000US02068,
0500000US02070,
0500000US02090,
0500000US02105,
0500000US02110,
0500000US02122,
0500000US02130,
0500000US02164,
0500000US02170,
0500000US02180,
0500000US02185,
0500000US02188,
0500000US02220,
0500000US02240,
0500000US02270,
0500000US02275,
0500000US02290,
0500000US02195,
0500000US02198,
0500000US02230,
0500000US02261,
0500000US02282,
0500000US02100,
0500000US02150,
0500000US04001,
0500000US04003,
0500000US04005,
0500000US04007,
0500000US04009,
0500000US04011,
0500000US04012,
0500000US04013,
0500000US04015,
0500000US04017,
0500000US04019,
0500000US04021,
0500000US04023,
0500000US04025,
0500000US04027,
0500000US05049,
0500000US05051,
0500000US05053,
0500000US05055,
0500000US05059,
0500000US05065,
0500000US05071,
0500000US05075,
0500000US05077,
0500000US05001,
0500000US05003,
0500000US05005,
0500000US05007,
0500000US05011,
0500000US05013,
0500000US05017,
0500000US05019,
0500000US05021,
0500000US05029,
0500000US05037,
0500000US05039,
0500000US05041,
0500000US05045,
0500000US05057,
0500000US05061,
0500000US05063,
0500000US05067,
0500000US05069,
0500000US05073,
0500000US05081,
0500000US05085,
0500000US05091,
0500000US05093,
0500000US05095,
0500000US05097,
0500000US05099,
0500000US05103,
0500000US05107,
0500000US05109,
0500000US05117,
0500000US05121,
0500000US05131,
0500000US05133,
0500000US05139,
0500000US05145,
0500000US05147,
0500000US05009,
0500000US05015,
0500000US05023,
0500000US05025,
0500000US05027,
0500000US05031,
0500000US05033,
0500000US05035,
0500000US05043,
0500000US05047,
0500000US05143,
0500000US05149,
0500000US05079,
0500000US05083,
0500000US05087,
0500000US05089,
0500000US05101,
0500000US05105,
0500000US05111,
0500000US05113,
0500000US05115,
0500000US05119,
0500000US05123,
0500000US05125,
0500000US05127,
0500000US05129,
0500000US05135,
0500000US05137,
0500000US05141,
0500000US06035,
0500000US06049,
0500000US06075,
0500000US06083,
0500000US06091,
0500000US06095,
0500000US06101,
0500000US06105,
0500000US06111,
0500000US06115,
0500000US06033,
0500000US06071,
0500000US06087,
0500000US06001,
0500000US06003,
0500000US06005,
0500000US06007,
0500000US06009,
0500000US06011,
0500000US06013,
0500000US06015,
0500000US06017,
0500000US06019,
0500000US06021,
0500000US06023,
0500000US06025,
0500000US06027,
0500000US06029,
0500000US06031,
0500000US06037,
0500000US06039,
0500000US06041,
0500000US06043,
0500000US06045,
0500000US06047,
0500000US06051,
0500000US06053,
0500000US06055,
0500000US06057,
0500000US06059,
0500000US06061,
0500000US06063,
0500000US06065,
0500000US06067,
0500000US06069,
0500000US06073,
0500000US06077,
0500000US06079,
0500000US06081,
0500000US06085,
0500000US06089,
0500000US06093,
0500000US06097,
0500000US06099,
0500000US06103,
0500000US06107,
0500000US06109,
0500000US06113,
0500000US08053,
0500000US08061,
0500000US08063,
0500000US08071,
0500000US08073,
0500000US08075,
0500000US08079,
0500000US08085,
0500000US08087,
0500000US08089,
0500000US08095,
0500000US08099,
0500000US08101,
0500000US08103,
0500000US08105,
0500000US08001,2
0500000US08003,
0500000US08005,3
0500000US08007,
0500000US08009,
0500000US08011,
0500000US08013,
0500000US08015,
0500000US08019,
0500000US08023,
0500000US08027,
0500000US08029,
0500000US08031,5
0500000US08035,
0500000US08037,
0500000US08049,
0500000US08051,
0500000US08055,
0500000US08057,
0500000US08059,1
0500000US08065,
0500000US08067,
0500000US08069,
0500000US08077,
0500000US08081,
0500000US08083,
0500000US08091,
0500000US08093,
0500000US08097,
0500000US08107,
0500000US08109,
0500000US08111,
0500000US08113,
0500000US08117,
0500000US08014,
0500000US08017,
0500000US08021,
0500000US08025,
0500000US08033,
0500000US08039,
0500000US08041,
0500000US08043,
0500000US08045,
0500000US08047,
0500000US08115,
0500000US08119,
0500000US08121,
0500000US08123,
0500000US08125,
0500000US09001,
0500000US09003,
0500000US09005,
0500000US09007,
0500000US09009,
0500000US09011,
0500000US09013,
0500000US09015,
0500000US10001,
0500000US10003,
0500000US10005,
0500000US11001,
0500000US12013,
0500000US12015,
0500000US12019,
0500000US12021,
0500000US12027,
0500000US12035,
0500000US12067,
0500000US12081,
0500000US12085,
0500000US12087,
0500000US12091,
0500000US12099,1
0500000US12105,
0500000US12107,
0500000US12109,
0500000US12111,
0500000US12043,
0500000US12049,
0500000US12051,
0500000US12053,
0500000US12059,
0500000US12061,
0500000US12001,
0500000US12003,
0500000US12005,
0500000US12007,
0500000US12009,
0500000US12011,
0500000US12029,
0500000US12031,
0500000US12033,
0500000US12037,
0500000US12039,
0500000US12041,
0500000US12045,
0500000US12047,
0500000US12055,
0500000US12057,
0500000US12063,
0500000US12065,
0500000US12069,
0500000US12071,
0500000US12073,
0500000US12077,
0500000US12079,
0500000US12083,
0500000US12086,
0500000US12089,
0500000US12093,
0500000US12095,
0500000US12097,
0500000US12101,
0500000US12103,
0500000US12113,
0500000US12117,
0500000US12119,
0500000US12121,
0500000US12123,
0500000US12125,
0500000US12129,
0500000US12133,
0500000US12115,
0500000US12131,
0500000US12017,
0500000US12075,
0500000US12127,
0500000US12023,
0500000US13057,
0500000US13059,
0500000US13061,
0500000US13063,
0500000US13065,
0500000US13001,
0500000US13007,
0500000US13009,
0500000US13013,
0500000US13015,
0500000US13019,
0500000US13021,
0500000US13025,
0500000US13027,
0500000US13029,
0500000US13033,
0500000US13039,
0500000US13049,
0500000US13051,
0500000US13075,
0500000US13079,
0500000US13081,
0500000US13089,
0500000US13103,
0500000US13105,
0500000US13107,
0500000US13113,
0500000US13121,
0500000US13127,
0500000US13131,
0500000US13135,
0500000US13137,
0500000US13141,
0500000US13149,
0500000US13151,
0500000US13163,
0500000US13171,
0500000US13179,
0500000US13183,
0500000US13185,
0500000US13189,
0500000US13191,
0500000US13195,
0500000US13201,
0500000US13213,
0500000US13217,
0500000US13219,
0500000US13221,
0500000US13223,
0500000US13229,
0500000US13241,
0500000US13245,
0500000US13249,
0500000US13251,
0500000US13267,
0500000US13269,
0500000US13271,
0500000US13285,
0500000US13289,
0500000US13291,
0500000US13301,
0500000US13303,
0500000US13305,
0500000US13309,
0500000US13313,
0500000US13317,
0500000US13319,
0500000US13003,
0500000US13005,
0500000US13011,
0500000US13017,
0500000US13023,
0500000US13031,
0500000US13035,
0500000US13037,
0500000US13043,
0500000US13045,
0500000US13047,
0500000US13053,
0500000US13055,
0500000US13077,
0500000US13083,
0500000US13085,
0500000US13087,
0500000US13091,
0500000US13093,
0500000US13095,
0500000US13097,
0500000US13099,
0500000US13101,
0500000US13109,
0500000US13111,
0500000US13115,
0500000US13117,
0500000US13119,
0500000US13067,
0500000US13069,
0500000US13071,
0500000US13073,
0500000US13139,
0500000US13143,
0500000US13145,
0500000US13147,
0500000US13153,
0500000US13155,
0500000US13157,
0500000US13159,
0500000US13161,
0500000US13165,
0500000US13167,
0500000US13169,
0500000US13173,
0500000US13175,
0500000US13177,
0500000US13181,
0500000US13123,
0500000US13125,
0500000US13129,
0500000US13133,
0500000US13187,
0500000US13193,
0500000US13197,
0500000US13199,
0500000US13205,
0500000US13225,
0500000US13227,
0500000US13231,
0500000US13233,
0500000US13235,
0500000US13207,
0500000US13209,
0500000US13211,
0500000US13215,
0500000US13255,
0500000US13257,
0500000US13259,
0500000US13261,
0500000US13263,
0500000US13265,
0500000US13273,
0500000US13275,
0500000US13277,
0500000US13279,
0500000US13281,
0500000US13283,
0500000US13287,
0500000US13237,
0500000US13239,
0500000US13243,
0500000US13247,
0500000US13253,
0500000US13311,
0500000US13315,
0500000US13321,
0500000US13293,
0500000US13295,
0500000US13297,
0500000US13299,
0500000US13307,
0500000US15001,
0500000US15003,
0500000US15005,
0500000US15007,
0500000US15009,
0500000US16075,
0500000US16081,
0500000US16025,
0500000US16087,
0500000US16001,
0500000US16003,
0500000US16005,
0500000US16007,
0500000US16009,
0500000US16011,
0500000US16013,
0500000US16015,
0500000US16021,
0500000US16023,
0500000US16029,
0500000US16035,
0500000US16037,
0500000US16039,
0500000US16041,
0500000US16043,
0500000US16049,
0500000US16059,
0500000US16061,
0500000US16063,
0500000US16069,
0500000US16073,
0500000US16077,
0500000US16079,
0500000US16083,
0500000US16085,
0500000US16017,
0500000US16019,
0500000US16027,
0500000US16031,
0500000US16033,
0500000US16045,
0500000US16047,
0500000US16051,
0500000US16053,
0500000US16055,
0500000US16057,
0500000US16065,
0500000US16067,
0500000US16071,
0500000US17051,
0500000US17053,
0500000US17055,
0500000US17057,
0500000US17061,
0500000US17063,
0500000US17003,
0500000US17005,
0500000US17017,
0500000US17023,
0500000US17027,
0500000US17031,
0500000US17043,
0500000US17059,
0500000US17079,
0500000US17097,
0500000US17101,
0500000US17123,
0500000US17125,
0500000US17129,
0500000US17147,
0500000US17153,
0500000US17161,1
0500000US17165,
0500000US17181,
0500000US17185,
0500000US17189,
0500000US17197,
0500000US17001,1
0500000US17007,
0500000US17009,
0500000US17011,
0500000US17013,
0500000US17015,
0500000US17019,
0500000US17021,
0500000US17025,
0500000US17029,
0500000US17033,
0500000US17035,
0500000US17037,
0500000US17039,
0500000US17041,
0500000US17045,
0500000US17047,
0500000US17049,
0500000US17103,
0500000US17105,
0500000US17107,
0500000US17109,
0500000US17111,
0500000US17113,
0500000US17115,
0500000US17065,
0500000US17067,
0500000US17069,
0500000US17071,
0500000US17073,
0500000US17075,
0500000US17077,
0500000US17081,
0500000US17083,
0500000US17085,
0500000US17087,
0500000US17089,
0500000US17091,
0500000US17093,
0500000US17095,
0500000US17099,
0500000US17163,
0500000US17167,1
0500000US17169,
0500000US17171,
0500000US17173,
0500000US17117,
0500000US17119,
0500000US17121,
0500000US17127,
0500000US17131,
0500000US17133,
0500000US17135,
0500000US17137,
0500000US17139,
0500000US17141,
0500000US17143,
0500000US17145,
0500000US17149,
0500000US17151,
0500000US17155,
0500000US17157,
0500000US17159,
0500000US17175,
0500000US17177,
0500000US17179,
0500000US17183,
0500000US17187,
0500000US17191,
0500000US17193,
0500000US17195,
0500000US17199,
0500000US17201,
0500000US17203,
0500000US18025,
0500000US18029,
0500000US18031,
0500000US18035,
0500000US18037,
0500000US18039,
0500000US18041,
0500000US18043,
0500000US18045,
0500000US18047,
0500000US18053,
0500000US18055,
0500000US18057,
0500000US18059,
0500000US18063,
0500000US18065,
0500000US18069,
0500000US18073,
0500000US18075,
0500000US18077,
0500000US18079,
0500000US18081,
0500000US18085,
0500000US18087,
0500000US18001,
0500000US18007,
0500000US18017,
0500000US18027,
0500000US18033,
0500000US18049,
0500000US18051,
0500000US18061,
0500000US18067,
0500000US18071,
0500000US18083,
0500000US18093,
0500000US18107,
0500000US18123,
0500000US18125,
0500000US18131,
0500000US18145,
0500000US18147,
0500000US18161,
0500000US18175,
0500000US18179,
0500000US18181,
0500000US18003,
0500000US18005,
0500000US18009,
0500000US18011,
0500000US18013,
0500000US18015,
0500000US18019,
0500000US18021,
0500000US18023,
0500000US18105,
0500000US18109,
0500000US18111,
0500000US18113,
0500000US18115,
0500000US18117,
0500000US18119,
0500000US18121,
0500000US18127,
0500000US18149,
0500000US18151,
0500000US18153,
0500000US18155,
0500000US18157,
0500000US18159,
0500000US18163,
0500000US18129,
0500000US18133,
0500000US18135,
0500000US18137,
0500000US18139,
0500000US18141,
0500000US18143,
0500000US18089,
0500000US18091,
0500000US18095,
0500000US18097,1
0500000US18099,
0500000US18101,
0500000US18103,
0500000US18165,
0500000US18167,
0500000US18169,
0500000US18171,
0500000US18173,
0500000US18177,
0500000US18183,
0500000US19185,
0500000US19187,
0500000US19189,
0500000US19191,
0500000US19193,1
0500000US19195,
0500000US19197,
0500000US19003,
0500000US19005,
0500000US19007,
0500000US19039,
0500000US19041,
0500000US19043,
0500000US19047,
0500000US19049,1
0500000US19051,
0500000US19053,
0500000US19057,
0500000US19059,
0500000US19061,1
0500000US19063,
0500000US19065,
0500000US19069,
0500000US19071,
0500000US19073,
0500000US19075,
0500000US19011,
0500000US19013,3
0500000US19015,
0500000US19017,
0500000US19019,
0500000US19023,
0500000US19025,
0500000US19027,
0500000US19029,
0500000US19031,
0500000US19035,
0500000US19037,
0500000US19001,
0500000US19009,
0500000US19021,
0500000US19033,1
0500000US19045,
0500000US19055,
0500000US19067,
0500000US19081,
0500000US19099,
0500000US19111,
0500000US19117,
0500000US19131,
0500000US19141,
0500000US19157,
0500000US19163,1
0500000US19175,
0500000US19121,
0500000US19123,
0500000US19125,
0500000US19127,
0500000US19129,
0500000US19133,
0500000US19135,
0500000US19137,
0500000US19139,
0500000US19143,
0500000US19145,
0500000US19147,
0500000US19149,
0500000US19151,
0500000US19153,8
0500000US19155,1
0500000US19077,
0500000US19079,
0500000US19083,
0500000US19085,
0500000US19087,
0500000US19089,
0500000US19091,
0500000US19093,
0500000US19095,
0500000US19097,
0500000US19101,
0500000US19103,2
0500000US19105,
0500000US19107,
0500000US19109,
0500000US19113,3
0500000US19115,
0500000US19119,
0500000US19159,
0500000US19161,
0500000US19165,
0500000US19167,
0500000US19169,
0500000US19171,
0500000US19173,
0500000US19177,
0500000US19179,
0500000US19181,
0500000US19183,
0500000US20021,
0500000US20023,
0500000US20025,
0500000US20027,
0500000US20029,
0500000US20031,
0500000US20035,
0500000US20037,
0500000US20039,
0500000US20041,
0500000US20043,
0500000US20045,
0500000US20049,
0500000US20051,
0500000US20053,
0500000US20057,
0500000US20059,
0500000US20061,
0500000US20063,
0500000US20065,
0500000US20069,
0500000US20071,
0500000US20073,
0500000US20075,
0500000US20077,
0500000US20079,
0500000US20083,
0500000US20085,
0500000US20001,
0500000US20003,
0500000US20017,
0500000US20033,
0500000US20047,
0500000US20055,
0500000US20067,
0500000US20081,
0500000US20093,
0500000US20097,
0500000US20113,
0500000US20129,
0500000US20143,
0500000US20149,
0500000US20161,1
0500000US20165,
0500000US20171,
0500000US20185,
0500000US20187,
0500000US20189,
0500000US20193,
0500000US20203,
0500000US20005,
0500000US20007,
0500000US20009,
0500000US20011,
0500000US20013,
0500000US20015,
0500000US20019,
0500000US20087,
0500000US20089,
0500000US20091,4
0500000US20095,
0500000US20099,
0500000US20101,
0500000US20103,
0500000US20105,
0500000US20157,
0500000US20159,
0500000US20163,
0500000US20167,
0500000US20169,
0500000US20173,
0500000US20175,
0500000US20177,1
0500000US20179,
0500000US20107,
0500000US20109,
0500000US20111,
0500000US20115,
0500000US20117,
0500000US20119,
0500000US20121,
0500000US20123,
0500000US20125,
0500000US20127,
0500000US20131,
0500000US20133,
0500000US20135,
0500000US20137,
0500000US20139,
0500000US20141,
0500000US20145,
0500000US20147,
0500000US20151,
0500000US20153,
0500000US20155,
0500000US20181,
0500000US20183,
0500000US20191,
0500000US20195,
0500000US20197,
0500000US20199,
0500000US20201,
0500000US20205,
0500000US20207,
0500000US20209,
0500000US21183,
0500000US21185,
0500000US21187,
0500000US21189,
0500000US21191,
0500000US21193,
0500000US21195,
0500000US21197,
0500000US21199,
0500000US21201,
0500000US21203,
0500000US21205,
0500000US21209,
0500000US21213,
0500000US21217,
0500000US21229,
0500000US21235,
0500000US21237,
0500000US21239,
0500000US21207,
0500000US21211,
0500000US21215,
0500000US21219,
0500000US21221,
0500000US21223,
0500000US21225,
0500000US21227,
0500000US21231,
0500000US21233,
0500000US21007,
0500000US21009,
0500000US21015,
0500000US21019,
0500000US21021,
0500000US21023,
0500000US21001,
0500000US21003,
0500000US21005,
0500000US21013,
0500000US21017,
0500000US21025,
0500000US21027,
0500000US21029,
0500000US21031,
0500000US21033,
0500000US21043,
0500000US21049,
0500000US21051,
0500000US21055,
0500000US21059,
0500000US21061,
0500000US21067,
0500000US21071,
0500000US21079,
0500000US21085,
0500000US21089,
0500000US21093,
0500000US21095,
0500000US21097,
0500000US21101,
0500000US21107,
0500000US21109,
0500000US21115,
0500000US21119,
0500000US21121,
0500000US21123,
0500000US21125,
0500000US21131,
0500000US21133,
0500000US21135,
0500000US21139,
0500000US21151,
0500000US21153,
0500000US21155,
0500000US21165,
0500000US21167,
0500000US21169,
0500000US21175,
0500000US21177,
0500000US21179,
0500000US21035,
0500000US21037,
0500000US21039,
0500000US21041,
0500000US21045,
0500000US21047,
0500000US21087,
0500000US21091,
0500000US21099,
0500000US21103,
0500000US21105,
0500000US21111,
0500000US21113,
0500000US21117,
0500000US21053,
0500000US21057,
0500000US21063,
0500000US21069,
0500000US21073,
0500000US21075,
0500000US21077,
0500000US21081,
0500000US21083,
0500000US21129,
0500000US21137,
0500000US21141,
0500000US21143,
0500000US21145,
0500000US21147,
0500000US21149,
0500000US21159,
0500000US21011,
0500000US21157,
0500000US21161,
0500000US21163,
0500000US21171,
0500000US21173,
0500000US21181,
0500000US21065,
0500000US21127,
0500000US22047,
0500000US22049,
0500000US22059,
0500000US22061,
0500000US22069,
0500000US22073,
0500000US22079,
0500000US22083,
0500000US22087,
0500000US22089,
0500000US22093,
0500000US22095,
0500000US22101,
0500000US22115,
0500000US22121,
0500000US22125,
0500000US22021,
0500000US22075,
0500000US22119,
0500000US22001,
0500000US22003,
0500000US22005,
0500000US22007,
0500000US22009,
0500000US22013,
0500000US22015,
0500000US22017,
0500000US22025,
0500000US22029,
0500000US22031,
0500000US22033,
0500000US22035,
0500000US22037,
0500000US22039,
0500000US22041,
0500000US22045,
0500000US22051,
0500000US22053,
0500000US22055,
0500000US22057,
0500000US22063,
0500000US22065,
0500000US22067,
0500000US22071,
0500000US22077,
0500000US22081,
0500000US22085,
0500000US22091,
0500000US22097,
0500000US22099,
0500000US22103,
0500000US22105,
0500000US22107,
0500000US22109,
0500000US22111,
0500000US22113,
0500000US22117,
0500000US22123,
0500000US22127,
0500000US22011,
0500000US22019,
0500000US22023,
0500000US22027,
0500000US22043,
0500000US23001,
0500000US23003,
0500000US23005,
0500000US23007,
0500000US23009,
0500000US23011,
0500000US23013,
0500000US23015,
0500000US23017,
0500000US23019,
0500000US23021,
0500000US23023,
0500000US23025,
0500000US23027,
0500000US23029,
0500000US23031,
0500000US24001,
0500000US24003,
0500000US24005,
0500000US24009,
0500000US24011,
0500000US24013,
0500000US24015,
0500000US24017,
0500000US24019,
0500000US24021,
0500000US24023,
0500000US24025,
0500000US24027,
0500000US24029,
0500000US24031,
0500000US24033,
0500000US24035,
0500000US24037,
0500000US24039,
0500000US24041,
0500000US24043,
0500000US24045,
0500000US24047,
0500000US24510,
0500000US25001,
0500000US25003,
0500000US25005,
0500000US25007,
0500000US25009,
0500000US25011,
0500000US25013,
0500000US25015,
0500000US25017,
0500000US25019,
0500000US25021,
0500000US25023,
0500000US25025,
0500000US25027,
0500000US26067,
0500000US26069,
0500000US26071,
0500000US26075,
0500000US26077,
0500000US26079,
0500000US26001,
0500000US26003,
0500000US26007,
0500000US26013,
0500000US26017,
0500000US26029,
0500000US26033,
0500000US26039,
0500000US26041,
0500000US26047,
0500000US26055,
0500000US26061,
0500000US26063,
0500000US26073,
0500000US26083,
0500000US26089,
0500000US26097,
0500000US26099,
0500000US26103,
0500000US26107,
0500000US26109,
0500000US26115,
0500000US26129,
0500000US26135,
0500000US26141,
0500000US26147,
0500000US26163,
0500000US26165,
0500000US26005,
0500000US26009,
0500000US26011,
0500000US26015,
0500000US26019,
0500000US26021,1
0500000US26023,
0500000US26025,
0500000US26027,
0500000US26031,
0500000US26035,
0500000US26037,
0500000US26043,
0500000US26045,
0500000US26049,
0500000US26051,
0500000US26057,
0500000US26059,
0500000US26065,
0500000US26139,
0500000US26143,
0500000US26145,
0500000US26149,
0500000US26151,
0500000US26153,
0500000US26081,
0500000US26085,
0500000US26087,
0500000US26091,
0500000US26093,
0500000US26095,
0500000US26101,
0500000US26105,
0500000US26111,
0500000US26113,
0500000US26117,
0500000US26119,
0500000US26121,
0500000US26123,
0500000US26125,
0500000US26127,
0500000US26131,
0500000US26133,
0500000US26137,
0500000US26155,
0500000US26157,
0500000US26159,
0500000US26161,
0500000US26053,
0500000US27055,
0500000US27057,1
0500000US27059,2
0500000US27063,
0500000US27065,
0500000US27067,2
0500000US27071,
0500000US27001,
0500000US27013,5
0500000US27015,
0500000US27021,
0500000US27023,
0500000US27027,2
0500000US27031,
0500000US27033,
0500000US27051,
0500000US27053,111
0500000US27061,1
0500000US27069,
0500000US27073,
0500000US27075,
0500000US27077,
0500000US27083,1
0500000US27089,
0500000US27097,1
0500000US27103,2
0500000US27107,
0500000US27113,1
0500000US27119,3
0500000US27125,
0500000US27127,
0500000US27129,1
0500000US27137,
0500000US27139,9
0500000US27145,7
0500000US27163,9
0500000US27167,
0500000US27171,8
0500000US27173,
0500000US27003,15
0500000US27005,1
0500000US27007,1
0500000US27009,1
0500000US27011,
0500000US27017,
0500000US27019,6
0500000US27025,1
0500000US27029,
0500000US27035,3
0500000US27037,25
0500000US27039,
0500000US27041,2
0500000US27043,
0500000US27045,
0500000US27047,2
0500000US27049,1
0500000US27147,1
0500000US27149,1
0500000US27151,
0500000US27153,
0500000US27155,
0500000US27157,
0500000US27159,
0500000US27165,
0500000US27079,
0500000US27081,
0500000US27085,2
0500000US27087,
0500000US27091,1
0500000US27093,
0500000US27095,1
0500000US27099,1
0500000US27101,
0500000US27105,
0500000US27109,10
0500000US27111,1
0500000US27115,1
0500000US27117,
0500000US27121,
0500000US27123,35
0500000US27131,3
0500000US27133,
0500000US27135,1
0500000US27141,5
0500000US27143,
0500000US27169,1
0500000US27161,
0500000US28027,
0500000US28029,
0500000US28031,
0500000US28035,
0500000US28037,
0500000US28041,
0500000US28043,
0500000US28045,
0500000US28047,
0500000US28057,
0500000US28059,
0500000US28061,
0500000US28063,
0500000US28065,
0500000US28069,
0500000US28071,
0500000US28073,
0500000US28075,
0500000US28077,
0500000US28001,
0500000US28003,
0500000US28007,
0500000US28009,
0500000US28011,
0500000US28017,
0500000US28021,
0500000US28033,
0500000US28039,
0500000US28049,
0500000US28051,
0500000US28053,
0500000US28055,
0500000US28067,
0500000US28083,
0500000US28087,
0500000US28089,
0500000US28099,
0500000US28109,
0500000US28121,
0500000US28137,
0500000US28143,
0500000US28149,
0500000US28151,
0500000US28157,
0500000US28159,
0500000US28163,
0500000US28005,
0500000US28013,
0500000US28015,
0500000US28019,
0500000US28023,
0500000US28025,
0500000US28097,
0500000US28101,
0500000US28103,
0500000US28105,
0500000US28107,
0500000US28111,
0500000US28113,
0500000US28115,
0500000US28117,
0500000US28119,
0500000US28123,
0500000US28145,
0500000US28147,
0500000US28153,
0500000US28155,
0500000US28161,
0500000US28129,
0500000US28125,
0500000US28127,
0500000US28131,
0500000US28133,
0500000US28135,
0500000US28139,
0500000US28141,
0500000US28079,
0500000US28081,
0500000US28085,
0500000US28091,
0500000US28093,
0500000US28095,
0500000US29053,
0500000US29055,
0500000US29059,
0500000US29061,
0500000US29063,
0500000US29065,
0500000US29067,
0500000US29071,
0500000US29001,
0500000US29013,
0500000US29017,
0500000US29023,
0500000US29027,
0500000US29029,
0500000US29031,
0500000US29033,
0500000US29041,
0500000US29057,
0500000US29069,
0500000US29075,
0500000US29087,
0500000US29095,5
0500000US29099,
0500000US29103,
0500000US29115,
0500000US29137,
0500000US29143,
0500000US29157,
0500000US29167,
0500000US29171,
0500000US29183,
0500000US29185,
0500000US29189,
0500000US29195,
0500000US29199,
0500000US29207,
0500000US29225,
0500000US29003,
0500000US29005,
0500000US29007,
0500000US29009,
0500000US29011,
0500000US29015,
0500000US29019,2
0500000US29021,2
0500000US29025,
0500000US29035,
0500000US29037,
0500000US29039,
0500000US29043,
0500000US29045,
0500000US29047,1
0500000US29049,
0500000US29051,
0500000US29127,
0500000US29129,
0500000US29131,
0500000US29133,
0500000US29135,
0500000US29139,
0500000US29073,
0500000US29077,
0500000US29079,
0500000US29081,
0500000US29083,
0500000US29085,
0500000US29089,
0500000US29091,
0500000US29093,
0500000US29097,1
0500000US29101,
0500000US29105,
0500000US29107,
0500000US29109,
0500000US29111,
0500000US29113,
0500000US29117,
0500000US29119,
0500000US29121,
0500000US29123,
0500000US29125,
0500000US29197,
0500000US29201,
0500000US29203,
0500000US29205,
0500000US29209,
0500000US29211,
0500000US29213,
0500000US29215,
0500000US29141,
0500000US29145,
0500000US29147,
0500000US29149,
0500000US29151,
0500000US29153,
0500000US29155,
0500000US29159,
0500000US29161,
0500000US29163,
0500000US29165,
0500000US29169,
0500000US29173,
0500000US29175,
0500000US29177,
0500000US29179,
0500000US29181,
0500000US29186,
0500000US29187,
0500000US29510,
0500000US29217,
0500000US29219,
0500000US29221,
0500000US29223,
0500000US29227,
0500000US29229,
0500000US30001,
0500000US30003,
0500000US30005,
0500000US30007,
0500000US30009,
0500000US30011,
0500000US30013,
0500000US30015,
0500000US30017,
0500000US30019,
0500000US30021,
0500000US30023,
0500000US30027,
0500000US30029,
0500000US30031,
0500000US30033,
0500000US30035,
0500000US30039,
0500000US30043,
0500000US30045,
0500000US30047,
0500000US30049,
0500000US30053,
0500000US30055,
0500000US30057,
0500000US30059,
0500000US30061,
0500000US30069,
0500000US30071,
0500000US30073,
0500000US30077,
0500000US30081,
0500000US30083,
0500000US30085,
0500000US30089,
0500000US30093,
0500000US30099,
0500000US30105,
0500000US30091,
0500000US30095,
0500000US30097,
0500000US30101,
0500000US30103,
0500000US30107,
0500000US30109,
0500000US30111,
0500000US30025,
0500000US30037,
0500000US30041,
0500000US30051,
0500000US30063,
0500000US30065,
0500000US30067,
0500000US30075,
0500000US30079,
0500000US30087,
0500000US31051,
0500000US31053,
0500000US31055,1
0500000US31057,
0500000US31059,
0500000US31063,
0500000US31065,
0500000US31001,
0500000US31029,
0500000US31033,
0500000US31049,
0500000US31061,
0500000US31075,
0500000US31091,
0500000US31101,
0500000US31113,
0500000US31125,
0500000US31151,
0500000US31163,
0500000US31171,
0500000US31003,
0500000US31005,
0500000US31007,
0500000US31009,
0500000US31011,
0500000US31013,
0500000US31015,
0500000US31017,
0500000US31019,2
0500000US31021,
0500000US31023,
0500000US31025,
0500000US31027,
0500000US31031,
0500000US31035,
0500000US31037,
0500000US31039,
0500000US31041,
0500000US31043,
0500000US31045,
0500000US31047,
0500000US31103,
0500000US31105,
0500000US31107,
0500000US31109,3
0500000US31111,
0500000US31115,
0500000US31117,
0500000US31119,
0500000US31121,
0500000US31123,
0500000US31127,
0500000US31129,
0500000US31131,
0500000US31133,
0500000US31067,
0500000US31069,
0500000US31071,
0500000US31073,
0500000US31077,
0500000US31079,1
0500000US31081,
0500000US31083,
0500000US31085,
0500000US31087,
0500000US31089,
0500000US31093,
0500000US31095,
0500000US31097,
0500000US31099,
0500000US31165,
0500000US31167,
0500000US31169,
0500000US31173,
0500000US31175,
0500000US31177,
0500000US31179,
0500000US31181,
0500000US31183,
0500000US31185,
0500000US31135,
0500000US31137,
0500000US31139,
0500000US31141,
0500000US31143,
0500000US31145,
0500000US31147,
0500000US31149,
0500000US31153,
0500000US31155,
0500000US31157,
0500000US31159,
0500000US31161,
0500000US32001,
0500000US32003,
0500000US32005,
0500000US32007,
0500000US32009,
0500000US32011,
0500000US32013,
0500000US32015,
0500000US32017,
0500000US32019,
0500000US32031,
0500000US32033,
0500000US32021,
0500000US32023,
0500000US32027,
0500000US32029,
0500000US32510,
0500000US33001,
0500000US33003,
0500000US33005,
0500000US33007,
0500000US33009,
0500000US33011,
0500000US33013,
0500000US33019,
0500000US33017,
0500000US33015,
0500000US34001,
0500000US34003,
0500000US34005,
0500000US34007,
0500000US34009,
0500000US34011,
0500000US34013,
0500000US34015,
0500000US34017,
0500000US34019,
0500000US34021,
0500000US34023,
0500000US34025,
0500000US34027,
0500000US34029,
0500000US34031,
0500000US34033,
0500000US34035,
0500000US34037,
0500000US34039,
0500000US34041,
0500000US35013,
0500000US35019,
0500000US35023,
0500000US35025,
0500000US35027,
0500000US35028,
0500000US35031,
0500000US35035,
0500000US35037,
0500000US35041,
0500000US35047,
0500000US35049,
0500000US35053,
0500000US35057,
0500000US35059,
0500000US35061,
0500000US35001,
0500000US35003,
0500000US35005,
0500000US35006,
0500000US35007,
0500000US35009,
0500000US35011,
0500000US35015,
0500000US35017,
0500000US35021,
0500000US35029,
0500000US35033,
0500000US35039,
0500000US35043,
0500000US35045,
0500000US35051,
0500000US35055,
0500000US36001,
0500000US36003,
0500000US36005,
0500000US36009,
0500000US36011,
0500000US36013,
0500000US36017,
0500000US36025,
0500000US36031,
0500000US36041,
0500000US36045,
0500000US36051,
0500000US36053,
0500000US36059,
0500000US36063,
0500000US36065,
0500000US36067,
0500000US36071,
0500000US36075,
0500000US36077,
0500000US36081,
0500000US36091,
0500000US36103,
0500000US36105,
0500000US36113,
0500000US36115,
0500000US36119,
0500000US36123,
0500000US36069,
0500000US36073,
0500000US36079,
0500000US36083,
0500000US36007,
0500000US36015,
0500000US36019,
0500000US36021,
0500000US36023,
0500000US36027,
0500000US36033,
0500000US36035,
0500000US36037,
0500000US36039,
0500000US36043,
0500000US36047,
0500000US36049,
0500000US36055,
0500000US36057,
0500000US36061,
0500000US36085,
0500000US36087,
0500000US36089,
0500000US36093,
0500000US36095,
0500000US36097,
0500000US36099,
0500000US36101,
0500000US36107,
0500000US36109,
0500000US36117,
0500000US36121,
0500000US36029,
0500000US36111,
0500000US37041,
0500000US37043,
0500000US37045,
0500000US37059,
0500000US37063,
0500000US37067,
0500000US37069,
0500000US37071,
0500000US37001,
0500000US37009,
0500000US37013,
0500000US37015,
0500000US37017,
0500000US37019,
0500000US37021,
0500000US37031,
0500000US37039,
0500000US37047,
0500000US37049,
0500000US37051,
0500000US37053,
0500000US37055,
0500000US37057,
0500000US37061,
0500000US37065,
0500000US37075,
0500000US37083,
0500000US37085,
0500000US37087,
0500000US37089,
0500000US37093,
0500000US37095,
0500000US37099,
0500000US37101,1
0500000US37103,
0500000US37111,
0500000US37113,
0500000US37115,
0500000US37117,
0500000US37119,4
0500000US37121,
0500000US37125,
0500000US37127,
0500000US37129,
0500000US37131,
0500000US37133,
0500000US37141,
0500000US37145,
0500000US37147,
0500000US37153,
0500000US37155,
0500000US37161,
0500000US37167,
0500000US37173,
0500000US37175,
0500000US37181,
0500000US37193,
0500000US37199,
0500000US37003,
0500000US37005,
0500000US37007,
0500000US37011,
0500000US37023,
0500000US37025,
0500000US37027,
0500000US37033,
0500000US37035,
0500000US37037,
0500000US37143,
0500000US37149,
0500000US37151,
0500000US37157,
0500000US37159,
0500000US37073,
0500000US37077,
0500000US37079,
0500000US37081,1
0500000US37091,
0500000US37097,
0500000US37105,
0500000US37107,
0500000US37109,
0500000US37123,
0500000US37135,1
0500000US37137,
0500000US37139,
0500000US37165,
0500000US37169,
0500000US37171,
0500000US37177,
0500000US37179,
0500000US37183,3
0500000US37185,
0500000US37187,
0500000US37189,
0500000US37191,
0500000US37195,
0500000US37197,
0500000US37163,
0500000US37029,
0500000US38073,
0500000US38075,
0500000US38079,
0500000US38081,
0500000US38083,
0500000US38087,
0500000US38089,1
0500000US38093,1
0500000US38095,
0500000US38001,
0500000US38003,
0500000US38005,
0500000US38007,
0500000US38009,
0500000US38011,
0500000US38017,15
0500000US38027,
0500000US38035,3
0500000US38037,
0500000US38051,
0500000US38053,1
0500000US38059,
0500000US38067,
0500000US38071,
0500000US38077,
0500000US38085,
0500000US38091,
0500000US38097,
0500000US38099,1
0500000US38105,
0500000US38013,
0500000US38015,5
0500000US38019,
0500000US38021,
0500000US38023,
0500000US38025,
0500000US38029,
0500000US38031,
0500000US38033,
0500000US38039,
0500000US38041,
0500000US38043,1
0500000US38045,
0500000US38047,
0500000US38049,
0500000US38057,
0500000US38061,
0500000US38063,
0500000US38065,
0500000US38069,
0500000US38101,2
0500000US38103,
0500000US38055,
0500000US39029,
0500000US39031,
0500000US39033,
0500000US39037,
0500000US39041,
0500000US39043,
0500000US39045,
0500000US39047,
0500000US39051,
0500000US39053,
0500000US39055,
0500000US39057,
0500000US39063,1
0500000US39065,
0500000US39003,
0500000US39019,
0500000US39035,
0500000US39039,
0500000US39049,
0500000US39059,
0500000US39061,
0500000US39079,
0500000US39093,
0500000US39095,
0500000US39101,
0500000US39137,
0500000US39159,
0500000US39175,
0500000US39001,
0500000US39005,
0500000US39007,
0500000US39009,
0500000US39011,
0500000US39013,
0500000US39015,
0500000US39017,
0500000US39021,
0500000US39023,
0500000US39025,
0500000US39027,
0500000US39113,
0500000US39115,
0500000US39117,
0500000US39119,
0500000US39123,
0500000US39125,
0500000US39127,
0500000US39129,
0500000US39131,
0500000US39067,
0500000US39069,
0500000US39071,
0500000US39073,
0500000US39075,
0500000US39077,
0500000US39081,
0500000US39083,
0500000US39085,
0500000US39087,
0500000US39089,
0500000US39091,
0500000US39097,
0500000US39099,
0500000US39103,
0500000US39105,
0500000US39107,
0500000US39109,
0500000US39111,
0500000US39121,
0500000US39133,
0500000US39135,
0500000US39139,
0500000US39141,
0500000US39143,
0500000US39145,
0500000US39147,
0500000US39149,
0500000US39151,
0500000US39153,
0500000US39155,
0500000US39157,
0500000US39161,
0500000US39163,
0500000US39165,
0500000US39167,
0500000US39169,
0500000US39171,
0500000US39173,
0500000US40051,
0500000US40053,
0500000US40055,
0500000US40059,
0500000US40061,
0500000US40001,
0500000US40003,
0500000US40009,
0500000US40013,
0500000US40023,
0500000US40027,
0500000US40039,
0500000US40057,
0500000US40065,
0500000US40075,
0500000US40087,
0500000US40089,
0500000US40095,
0500000US40097,
0500000US40101,
0500000US40113,
0500000US40117,
0500000US40125,
0500000US40133,
0500000US40135,
0500000US40137,
0500000US40141,
0500000US40005,
0500000US40007,
0500000US40011,
0500000US40015,
0500000US40017,
0500000US40019,
0500000US40021,
0500000US40025,
0500000US40029,
0500000US40031,
0500000US40033,
0500000US40035,
0500000US40037,
0500000US40041,
0500000US40043,
0500000US40045,
0500000US40047,
0500000US40049,
0500000US40093,
0500000US40099,
0500000US40103,
0500000US40105,
0500000US40107,
0500000US40109,
0500000US40111,
0500000US40115,
0500000US40119,1
0500000US40121,
0500000US40123,
0500000US40127,
0500000US40063,
0500000US40067,
0500000US40069,
0500000US40071,
0500000US40073,
0500000US40077,
0500000US40079,
0500000US40081,
0500000US40083,
0500000US40085,
0500000US40091,
0500000US40129,
0500000US40131,
0500000US40139,
0500000US40143,
0500000US40145,
0500000US40147,
0500000US40149,
0500000US40151,
0500000US40153,
0500000US41059,
0500000US41063,
0500000US41067,
0500000US41069,
0500000US41071,
0500000US41001,
0500000US41003,
0500000US41005,
0500000US41007,
0500000US41009,
0500000US41011,
0500000US41013,
0500000US41015,
0500000US41017,
0500000US41019,
0500000US41021,
0500000US41023,
0500000US41025,
0500000US41033,
0500000US41035,
0500000US41039,
0500000US41041,
0500000US41043,
0500000US41047,
0500000US41051,
0500000US41055,
0500000US41061,
0500000US41065,
0500000US41027,
0500000US41029,
0500000US41031,
0500000US41037,
0500000US41045,
0500000US41049,
0500000US41053,
0500000US41057,
0500000US42009,
0500000US42011,
0500000US42013,
0500000US42019,
0500000US42021,
0500000US42025,
0500000US42035,
0500000US42037,
0500000US42039,
0500000US42047,
0500000US42053,
0500000US42057,
0500000US42063,
0500000US42065,
0500000US42067,
0500000US42069,
0500000US42073,
0500000US42075,
0500000US42077,
0500000US42079,
0500000US42001,
0500000US42003,
0500000US42005,
0500000US42007,
0500000US42015,
0500000US42017,
0500000US42027,
0500000US42029,
0500000US42031,
0500000US42033,
0500000US42041,
0500000US42043,
0500000US42045,
0500000US42049,
0500000US42051,
0500000US42055,
0500000US42059,
0500000US42061,
0500000US42071,
0500000US42083,
0500000US42089,
0500000US42091,
0500000US42095,
0500000US42097,
0500000US42099,
0500000US42101,
0500000US42103,
0500000US42111,
0500000US42123,
0500000US42125,
0500000US42127,
0500000US42129,
0500000US42133,
0500000US42081,
0500000US42085,
0500000US42087,
0500000US42093,
0500000US42105,
0500000US42107,
0500000US42109,
0500000US42023,
0500000US42113,
0500000US42115,
0500000US42117,
0500000US42119,
0500000US42121,
0500000US42131,
0500000US44001,
0500000US44003,
0500000US44005,
0500000US44007,
0500000US44009,
0500000US45021,
0500000US45033,
0500000US45037,
0500000US45039,
0500000US45047,
0500000US45055,
0500000US45059,
0500000US45065,
0500000US45069,
0500000US45075,
0500000US45079,
0500000US45081,
0500000US45091,
0500000US45023,
0500000US45001,
0500000US45003,
0500000US45005,
0500000US45007,
0500000US45009,
0500000US45011,
0500000US45013,
0500000US45015,
0500000US45017,
0500000US45019,
0500000US45025,
0500000US45027,
0500000US45029,
0500000US45031,
0500000US45035,
0500000US45041,
0500000US45043,
0500000US45045,
0500000US45049,
0500000US45051,
0500000US45053,
0500000US45057,
0500000US45061,
0500000US45063,
0500000US45067,
0500000US45071,
0500000US45073,
0500000US45077,
0500000US45083,
0500000US45085,
0500000US45087,
0500000US45089,
0500000US46013,1
0500000US46015,
0500000US46019,
0500000US46021,
0500000US46025,
0500000US46027,1
0500000US46029,2
0500000US46031,
0500000US46033,
0500000US46037,
0500000US46039,
0500000US46043,
0500000US46045,
0500000US46047,
0500000US46049,
0500000US46051,
0500000US46053,
0500000US46059,
0500000US46061,
0500000US46063,
0500000US46065,1
0500000US46067,
0500000US46071,
0500000US46073,
0500000US46077,
0500000US46079,
0500000US46081,
0500000US46083,
0500000US46003,
0500000US46005,
0500000US46007,
0500000US46009,
0500000US46011,
0500000US46017,
0500000US46023,
0500000US46035,2
0500000US46041,
0500000US46055,
0500000US46069,
0500000US46075,
0500000US46085,
0500000US46093,
0500000US46095,
0500000US46103,
0500000US46111,
0500000US46117,
0500000US46123,
0500000US46125,
0500000US46137,
0500000US46109,1
0500000US46113,
0500000US46115,
0500000US46119,
0500000US46121,
0500000US46127,
0500000US46129,
0500000US46135,
0500000US46057,
0500000US46087,
0500000US46089,
0500000US46091,
0500000US46097,
0500000US46099,8
0500000US46101,
0500000US46105,
0500000US46107,
0500000US47067,
0500000US47071,
0500000US47075,
0500000US47077,
0500000US47083,
0500000US47001,
0500000US47003,
0500000US47005,
0500000US47009,
0500000US47013,
0500000US47019,
0500000US47021,
0500000US47025,
0500000US47029,
0500000US47031,
0500000US47033,
0500000US47035,
0500000US47037,
0500000US47041,
0500000US47049,
0500000US47053,
0500000US47055,
0500000US47057,
0500000US47059,
0500000US47063,
0500000US47065,
0500000US47069,
0500000US47073,
0500000US47079,
0500000US47081,
0500000US47085,
0500000US47089,
0500000US47091,
0500000US47093,
0500000US47097,
0500000US47105,
0500000US47107,
0500000US47117,
0500000US47119,
0500000US47121,
0500000US47123,
0500000US47127,
0500000US47129,
0500000US47135,
0500000US47141,
0500000US47143,
0500000US47145,
0500000US47149,
0500000US47151,
0500000US47155,
0500000US47159,
0500000US47163,
0500000US47165,
0500000US47167,
0500000US47183,
0500000US47185,
0500000US47187,
0500000US47189,
0500000US47007,
0500000US47011,
0500000US47015,
0500000US47017,
0500000US47023,
0500000US47027,
0500000US47039,
0500000US47043,
0500000US47045,
0500000US47047,
0500000US47051,
0500000US47061,
0500000US47147,
0500000US47153,
0500000US47157,
0500000US47161,
0500000US47087,
0500000US47095,
0500000US47099,
0500000US47101,
0500000US47103,
0500000US47109,
0500000US47111,
0500000US47113,
0500000US47115,
0500000US47125,
0500000US47131,
0500000US47133,
0500000US47137,
0500000US47139,
0500000US47169,
0500000US47171,
0500000US47173,
0500000US47175,
0500000US47177,
0500000US47179,
0500000US47181,
0500000US48185,
0500000US48189,
0500000US48191,
0500000US48199,
0500000US48201,
0500000US48203,
0500000US48211,
0500000US48213,
0500000US48223,
0500000US48225,
0500000US48233,
0500000US48241,
0500000US48243,
0500000US48261,
0500000US48263,
0500000US48269,
0500000US48273,
0500000US48277,
0500000US48287,
0500000US48289,
0500000US48295,
0500000US48301,
0500000US48311,
0500000US48313,
0500000US48321,
0500000US48327,
0500000US48333,
0500000US48339,
0500000US48341,
0500000US48343,
0500000US48347,
0500000US48349,
0500000US48355,
0500000US48217,
0500000US48219,
0500000US48221,
0500000US48227,
0500000US48229,
0500000US48231,
0500000US48235,
0500000US48237,
0500000US48367,
0500000US48371,
0500000US48373,
0500000US48379,
0500000US48383,
0500000US48387,
0500000US48391,
0500000US48405,
0500000US48407,
0500000US48409,
0500000US48411,
0500000US48419,
0500000US48423,
0500000US48425,
0500000US48435,
0500000US48443,
0500000US48447,
0500000US48453,
0500000US48455,
0500000US48457,
0500000US48467,
0500000US48469,
0500000US48473,
0500000US48475,
0500000US48481,
0500000US48491,
0500000US48495,
0500000US48499,
0500000US48507,
0500000US48183,
0500000US48193,
0500000US48195,
0500000US48197,
0500000US48205,
0500000US48207,
0500000US48209,
0500000US48215,
0500000US48001,
0500000US48003,
0500000US48005,
0500000US48007,
0500000US48011,
0500000US48015,
0500000US48023,
0500000US48025,
0500000US48029,
0500000US48035,
0500000US48037,
0500000US48039,
0500000US48041,
0500000US48051,
0500000US48055,
0500000US48057,
0500000US48063,
0500000US48067,
0500000US48071,
0500000US48073,
0500000US48079,
0500000US48083,
0500000US48091,
0500000US48101,
0500000US48103,
0500000US48105,
0500000US48113,
0500000US48119,
0500000US48125,
0500000US48127,
0500000US48135,
0500000US48153,
0500000US48155,
0500000US48157,
0500000US48161,
0500000US48167,
0500000US48173,
0500000US48175,
0500000US48305,
0500000US48307,
0500000US48309,
0500000US48315,
0500000US48317,
0500000US48319,
0500000US48323,
0500000US48239,
0500000US48245,
0500000US48247,
0500000US48249,
0500000US48251,
0500000US48253,
0500000US48255,
0500000US48257,
0500000US48259,
0500000US48265,
0500000US48267,
0500000US48271,
0500000US48275,
0500000US48279,
0500000US48281,
0500000US48283,
0500000US48285,
0500000US48291,
0500000US48293,
0500000US48297,
0500000US48299,
0500000US48303,
0500000US48403,
0500000US48413,
0500000US48415,
0500000US48417,
0500000US48421,
0500000US48427,
0500000US48429,
0500000US48431,
0500000US48433,
0500000US48437,
0500000US48325,
0500000US48329,
0500000US48331,
0500000US48335,
0500000US48337,
0500000US48345,
0500000US48351,
0500000US48353,
0500000US48357,
0500000US48359,
0500000US48361,
0500000US48363,
0500000US48365,
0500000US48369,
0500000US48375,
0500000US48377,
0500000US48381,
0500000US48385,
0500000US48393,
0500000US48397,
0500000US48399,
0500000US48401,
0500000US48439,
0500000US48441,
0500000US48445,
0500000US48449,
0500000US48451,
0500000US48459,
0500000US48461,
0500000US48463,
0500000US48465,
0500000US48471,
0500000US48497,
0500000US48501,
0500000US48503,
0500000US48505,
0500000US48009,
0500000US48013,
0500000US48017,
0500000US48019,
0500000US48479,
0500000US48483,
0500000US48485,
0500000US48487,
0500000US48489,
0500000US48493,
0500000US48097,
0500000US48099,
0500000US48107,
0500000US48109,
0500000US48111,
0500000US48115,
0500000US48117,
0500000US48121,
0500000US48123,
0500000US48021,
0500000US48027,
0500000US48031,
0500000US48033,
0500000US48043,
0500000US48045,
0500000US48047,
0500000US48049,
0500000US48053,
0500000US48059,
0500000US48065,
0500000US48069,
0500000US48075,
0500000US48077,
0500000US48081,
0500000US48085,
0500000US48087,
0500000US48089,
0500000US48093,
0500000US48095,
0500000US48129,
0500000US48131,
0500000US48133,
0500000US48137,
0500000US48141,
0500000US48143,
0500000US48145,
0500000US48147,
0500000US48149,
0500000US48151,
0500000US48159,
0500000US48163,
0500000US48165,
0500000US48169,
0500000US48171,
0500000US48177,
0500000US48179,
0500000US48181,
0500000US48395,
0500000US48477,
0500000US48139,
0500000US48061,
0500000US48389,
0500000US48187,
0500000US49027,
0500000US49033,
0500000US49037,
0500000US49039,
0500000US49041,
0500000US49053,
0500000US49055,
0500000US49045,
0500000US49001,
0500000US49003,
0500000US49005,
0500000US49007,
0500000US49009,
0500000US49011,
0500000US49013,
0500000US49015,
0500000US49017,
0500000US49019,
0500000US49021,
0500000US49023,
0500000US49025,
0500000US49029,
0500000US49031,
0500000US49035,
0500000US49043,
0500000US49047,
0500000US49049,
0500000US49051,
0500000US49057,
0500000US50015,
0500000US50017,
0500000US50019,
0500000US50021,
0500000US50023,
0500000US50025,
0500000US50027,
0500000US50001,
0500000US50003,
0500000US50005,
0500000US50007,
0500000US50009,
0500000US50011,
0500000US50013,
0500000US51021,
0500000US51025,
0500000US51035,
0500000US51043,
0500000US51045,
0500000US51049,
0500000US51065,
0500000US51071,
0500000US51075,
0500000US51077,
0500000US51079,
0500000US51089,
0500000US51099,
0500000US51001,
0500000US51003,1
0500000US51005,
0500000US51007,
0500000US51009,
0500000US51015,
0500000US51017,
0500000US51019,
0500000US51023,
0500000US51027,
0500000US51029,
0500000US51031,
0500000US51033,
0500000US51036,
0500000US51037,
0500000US51041,
0500000US51047,
0500000US51051,
0500000US51053,
0500000US51057,
0500000US51059,
0500000US51061,
0500000US51063,
0500000US51067,
0500000US51069,
0500000US51073,
0500000US51081,
0500000US51083,
0500000US51085,
0500000US51087,
0500000US51091,
0500000US51093,
0500000US51095,
0500000US51097,
0500000US51101,
0500000US51107,
0500000US51111,
0500000US51113,
0500000US51117,
0500000US51121,
0500000US51125,
0500000US51127,
0500000US51137,
0500000US51139,
0500000US51141,
0500000US51143,
0500000US51147,
0500000US51161,
0500000US51163,1
0500000US51165,
0500000US51167,
0500000US51171,
0500000US51175,
0500000US51177,
0500000US51179,
0500000US51185,
0500000US51191,
0500000US51193,
0500000US51195,
0500000US51570,
0500000US51610,
0500000US51678,
0500000US51720,
0500000US51790,
0500000US51840,
0500000US51105,
0500000US51013,
0500000US51103,
0500000US51109,
0500000US51115,
0500000US51119,
0500000US51131,
0500000US51133,
0500000US51135,
0500000US51145,
0500000US51149,
0500000US51155,
0500000US51157,
0500000US51159,3
0500000US51169,
0500000US51173,
0500000US51181,
0500000US51183,
0500000US51187,
0500000US51197,
0500000US51199,
0500000US51510,
0500000US51515,
0500000US51520,
0500000US51530,
0500000US51540,
0500000US51550,
0500000US51580,
0500000US51590,
0500000US51595,
0500000US51600,
0500000US51620,
0500000US51630,
0500000US51640,
0500000US51650,
0500000US51660,
0500000US51670,
0500000US51680,
0500000US51683,
0500000US51685,
0500000US51690,
0500000US51700,
0500000US51710,
0500000US51730,
0500000US51735,
0500000US51740,
0500000US51750,
0500000US51760,
0500000US51770,
0500000US51775,
0500000US51800,
0500000US51810,
0500000US51820,
0500000US51830,
0500000US51153,
0500000US51011,
0500000US53001,
0500000US53003,
0500000US53005,
0500000US53007,
0500000US53009,
0500000US53011,
0500000US53013,
0500000US53015,
0500000US53017,
0500000US53019,
0500000US53021,
0500000US53025,
0500000US53027,
0500000US53029,
0500000US53031,
0500000US53033,
0500000US53035,
0500000US53041,
0500000US53043,
0500000US53047,
0500000US53049,
0500000US53053,
0500000US53055,
0500000US53057,
0500000US53061,
0500000US53065,
0500000US53067,
0500000US53071,
0500000US53073,
0500000US53075,
0500000US53077,
0500000US53023,
0500000US53039,
0500000US53045,
0500000US53051,
0500000US53059,
0500000US53063,
0500000US53069,
0500000US53037,
0500000US54077,
0500000US54079,
0500000US54089,
0500000US54091,
0500000US54097,
0500000US54001,
0500000US54003,
0500000US54005,
0500000US54007,
0500000US54009,
0500000US54011,
0500000US54013,
0500000US54015,
0500000US54019,
0500000US54021,
0500000US54025,
0500000US54031,
0500000US54033,
0500000US54039,
0500000US54041,
0500000US54043,
0500000US54045,
0500000US54057,
0500000US54059,
0500000US54067,
0500000US54071,
0500000US54075,
0500000US54081,
0500000US54083,
0500000US54085,
0500000US54087,
0500000US54093,
0500000US54095,
0500000US54099,
0500000US54103,
0500000US54109,
0500000US54017,
0500000US54023,
0500000US54027,
0500000US54029,
0500000US54035,
0500000US54037,
0500000US54047,
0500000US54049,
0500000US54051,
0500000US54053,
0500000US54055,
0500000US54061,
0500000US54063,
0500000US54065,
0500000US54069,
0500000US54073,
0500000US54101,
0500000US54105,
0500000US54107,
0500000US55053,
0500000US55055,
0500000US55059,
0500000US55061,
0500000US55063,1
0500000US55067,
0500000US55001,
0500000US55003,
0500000US55005,1
0500000US55007,
0500000US55009,
0500000US55011,
0500000US55015,
0500000US55029,
0500000US55033,3
0500000US55043,
0500000US55057,
0500000US55065,
0500000US55075,
0500000US55083,
0500000US55097,
0500000US55107,
0500000US55111,
0500000US55121,
0500000US55137,
0500000US55013,
0500000US55017,
0500000US55019,
0500000US55021,
0500000US55023,
0500000US55025,1
0500000US55027,
0500000US55031,
0500000US55035,4
0500000US55037,
0500000US55039,
0500000US55041,
0500000US55045,
0500000US55047,
0500000US55049,
0500000US55051,
0500000US55109,
0500000US55113,1
0500000US55115,
0500000US55117,
0500000US55119,
0500000US55123,
0500000US55069,
0500000US55071,
0500000US55073,
0500000US55077,
0500000US55078,
0500000US55079,
0500000US55081,
0500000US55085,
0500000US55087,
0500000US55089,
0500000US55091,
0500000US55093,3
0500000US55095,2
0500000US55099,
0500000US55101,
0500000US55103,
0500000US55105,
0500000US55125,
0500000US55127,
0500000US55129,
0500000US55131,
0500000US55133,
0500000US55135,
0500000US55139,
0500000US55141,
0500000US56009,
0500000US56001,
0500000US56003,
0500000US56005,
0500000US56007,
0500000US56011,1
0500000US56013,
0500000US56015,
0500000US56017,
0500000US56021,
0500000US56029,
0500000US56033,
0500000US56035,
0500000US56039,
0500000US56041,
0500000US56019,
0500000US56023,
0500000US56025,
0500000US56027,
0500000US56031,
0500000US56037,
0500000US56043,
0500000US56045,
0500000US72001,
0500000US72013,
0500000US72023,
0500000US72033,
0500000US72037,
0500000US72049,
0500000US72053,
0500000US72054,
0500000US72067,
0500000US72095,
0500000US72097,
0500000US72113,
0500000US72127,
0500000US72135,
0500000US72141,
0500000US72041,
0500000US72043,
0500000US72045,
0500000US72047,
0500000US72051,
0500000US72055,
0500000US72003,
0500000US72005,
0500000US72007,
0500000US72009,
0500000US72011,
0500000US72015,
0500000US72017,
0500000US72019,
0500000US72021,
0500000US72025,
0500000US72027,
0500000US72029,
0500000US72031,
0500000US72035,
0500000US72039,
0500000US72089,
0500000US72091,
0500000US72093,
0500000US72099,
0500000US72101,
0500000US72103,
0500000US72057,
0500000US72059,
0500000US72061,
0500000US72063,
0500000US72065,
0500000US72069,
0500000US72071,
0500000US72073,
0500000US72075,
0500000US72077,
0500000US72079,
0500000US72081,
0500000US72083,
0500000US72085,
0500000US72087,
0500000US72143,
0500000US72145,
0500000US72147,
0500000US72149,
0500000US72151,
0500000US72105,
0500000US72107,
0500000US72109,
0500000US72111,
0500000US72115,
0500000US72117,
0500000US72119,
0500000US72121,
0500000US72123,
0500000US72125,
0500000US72129,
0500000US72131,
0500000US72133,
0500000US72137,
0500000US72139,
0500000US72153,
,15
